CREATE DATABASE TrungTam_TDTT;

USE TrungTam_TDTT;

CREATE TABLE PHONGTAP
(
	MAPH CHAR(5) PRIMARY KEY, 
	TENPHONG VARCHAR(50),
	DIACHI VARCHAR(100),
	SUCCHUA INT,
	TRANGTHAI VARCHAR(20)
)

CREATE TABLE HUANLUYENVIEN
(
	MAHLV CHAR(5) PRIMARY KEY, 
	HOTEN VARCHAR(50), 
	CHUYENMON VARCHAR(50),
	SDT VARCHAR(15),
	EMAIL VARCHAR(50)
)

CREATE TABLE HOCVIEN
( 
	MAHV CHAR(5) PRIMARY KEY,
	HOTEN VARCHAR(50),
	NGSINH SMALLDATETIME,
	SDT VARCHAR(15),
	DIACHI VARCHAR(100),
	GIOITINH VARCHAR(10),
	NGTG SMALLDATETIME
)

CREATE TABLE LOPTAP
(
	MALOP CHAR(5) PRIMARY KEY, 
	MAPH CHAR(5),
	MAHLV CHAR(5),
	TENLOP VARCHAR(50),
	NGAYBD SMALLDATETIME,
	NGAYKT SMALLDATETIME,
	TRANGTHAI VARCHAR(20)
)

CREATE TABLE DANGKY
(
	MAHV CHAR(5),
	MALOP CHAR(5),
	NGAYDK SMALLDATETIME,
	CONSTRAINT PK_DANGKY PRIMARY KEY (MAHV, MALOP)
)

CREATE TABLE LICHTAP
(
	MALOP CHAR(5),
	NGAYTAP SMALLDATETIME,
	GIOBATDAU TIME,
	GIOKEYTHUC TIME,
	CONSTRAINT PK_LICHTAP PRIMARY KEY (MALOP, NGAYTAP, GIOBATDAU) 
)

ALTER TABLE LOPTAP ADD FOREIGN KEY (MAPH) REFERENCES PHONGTAP(MAPH);
ALTER TABLE LOPTAP ADD FOREIGN KEY (MAHLV) REFERENCES HUANLUYENVIEN(MAHLV);
ALTER TABLE DANGKY ADD FOREIGN KEY (MAHV) REFERENCES HOCVIEN(MAHV);
ALTER TABLE DANGKY ADD FOREIGN KEY (MALOP) REFERENCES LOPTAP(MALOP);
ALTER TABLE LICHTAP ADD FOREIGN KEY (MALOP) REFERENCES LOPTAP(MALOP);

SET DATEFORMAT DMY;

INSERT INTO PHONGTAP VALUES ('PH001', 'Yoga Linh Dam', 'Ha Noi', '25', 'Hoat dong');
INSERT INTO PHONGTAP VALUES ('PH002', 'Gym Nguyen Van Cu', 'TP.HCM', '60', 'Hoat dong');

INSERT INTO HUANLUYENVIEN VALUES ('HLV01', 'Pham Thi Hong', 'Yoga', '0905127656', 'hong.yoga@gmail.com');
INSERT INTO HUANLUYENVIEN VALUES ('HLV02', 'Le Minh Quan', 'Gym', '0916947354', 'quan.gym@gmail.com');

INSERT INTO HOCVIEN VALUES ('HV001', 'Tran Van Bao', '20/5/2002', '0878691539', 'Ha Noi', 'Nam', '1/11/2024');
INSERT INTO HOCVIEN VALUES ('HV002', 'Ho Thi Mai', '11/9/2000', '0931212890', 'Quang Ngai', 'Nu', '2/12/2024');

INSERT INTO LOPTAP VALUES ('LT001', 'PH001', 'HLV01', 'Yoga for Beginners', '06/4/2025', '05/5/2025', 'Da ket thuc');
INSERT INTO LOPTAP VALUES ('LT002', 'PH002', 'HLV02', 'Morning Gym', '16/5/2025', '15/6/2025', 'Dang hoat dong');

INSERT INTO DANGKY VALUES ('HV001', 'LT001', '15/3/2025');
INSERT INTO DANGKY VALUES ('HV002', 'LT002', '29/4/2025');

INSERT INTO LICHTAP VALUES ('LT001', '07/4/2025', '18:30', '19:30');
INSERT INTO LICHTAP VALUES ('LT001', '13/4/2025', '19:00', '20:00');
INSERT INTO LICHTAP VALUES ('LT002', '18/5/2025', '7:00', '8:00');
INSERT INTO LICHTAP VALUES ('LT002', '25/5/2025', '7:30', '8:30');


